{"cameraMode":{"drawMode":0,"name":"Shaded","section":"Shading Mode"},"sceneLighting":true,"audioPlay":false,"sceneViewState":{"showFog":false,"showMaterialUpdate":false,"showSkybox":true,"showFlares":true,"showImageEffects":true,"showParticleSystems":true},"in2DMode":false,"pivot":{"x":0.6828737258911133,"y":1.7381998300552369,"z":94.7497787475586},"rotation":{"x":-0.05063623934984207,"y":0.7089778184890747,"z":-0.051105983555316928,"w":-0.7016547918319702},"size":5.54550313949585,"orthographic":false}