{"cameraMode":{"drawMode":0,"name":"Shaded","section":"Shading Mode"},"sceneLighting":false,"audioPlay":false,"sceneViewState":{"showFog":false,"showMaterialUpdate":false,"showSkybox":false,"showFlares":true,"showImageEffects":true,"showParticleSystems":true},"in2DMode":false,"pivot":{"x":9.5367431640625e-7,"y":-2.7749645709991457,"z":0.00006771087646484375},"rotation":{"x":0.0328882671892643,"y":-0.9516648054122925,"z":0.28502580523490908,"w":0.10982231795787811},"size":21.456960678100587,"orthographic":false}