{"cameraMode":{"drawMode":0,"name":"Shaded","section":"Shading Mode"},"sceneLighting":false,"audioPlay":false,"sceneViewState":{"showFog":false,"showMaterialUpdate":false,"showSkybox":false,"showFlares":true,"showImageEffects":true,"showParticleSystems":true},"in2DMode":false,"pivot":{"x":9.5367431640625e-7,"y":-2.769461154937744,"z":0.0000667572021484375},"rotation":{"x":0.1051999107003212,"y":-0.8787660598754883,"z":0.22766953706741334,"w":0.4061020314693451},"size":21.457788467407228,"orthographic":false}