{"cameraMode":{"drawMode":0,"name":"Shaded","section":"Shading Mode"},"sceneLighting":false,"audioPlay":false,"sceneViewState":{"showFog":false,"showMaterialUpdate":false,"showSkybox":false,"showFlares":true,"showImageEffects":true,"showParticleSystems":true},"in2DMode":false,"pivot":{"x":0.010316848754882813,"y":0.000019073486328125,"z":-0.00006103515625},"rotation":{"x":0.00613763090223074,"y":-0.9934077262878418,"z":0.06416371464729309,"w":0.09505065530538559},"size":22.052438735961915,"orthographic":false}