{"cameraMode":{"drawMode":0,"name":"Shaded","section":"Shading Mode"},"sceneLighting":false,"audioPlay":false,"sceneViewState":{"showFog":false,"showMaterialUpdate":false,"showSkybox":false,"showFlares":true,"showImageEffects":true,"showParticleSystems":true},"in2DMode":false,"pivot":{"x":0.000003814697265625,"y":7.541275501251221,"z":0.0000457763671875},"rotation":{"x":0.05584166198968887,"y":-0.9382522106170654,"z":0.18093277513980866,"w":0.2896108031272888},"size":43.13395309448242,"orthographic":false}