{"cameraMode":{"drawMode":0,"name":"Shaded","section":"Shading Mode"},"sceneLighting":true,"audioPlay":false,"sceneViewState":{"showFog":false,"showMaterialUpdate":false,"showSkybox":true,"showFlares":true,"showImageEffects":true,"showParticleSystems":true},"in2DMode":false,"pivot":{"x":-3.9490914344787599,"y":0.9135692119598389,"z":27.858665466308595},"rotation":{"x":-0.12776969373226167,"y":0.6447219252586365,"z":-0.11016339063644409,"w":-0.7456830739974976},"size":17.148117065429689,"orthographic":false}