{"cameraMode":{"drawMode":0,"name":"Shaded","section":"Shading Mode"},"sceneLighting":false,"audioPlay":false,"sceneViewState":{"showFog":false,"showMaterialUpdate":false,"showSkybox":false,"showFlares":true,"showImageEffects":true,"showParticleSystems":true},"in2DMode":false,"pivot":{"x":9.5367431640625e-7,"y":-2.9620821475982668,"z":0.0000095367431640625},"rotation":{"x":-0.11169585585594177,"y":0.6566757559776306,"z":-0.09928365051746369,"w":-0.7392630577087402},"size":13.601609230041504,"orthographic":false}