{"cameraMode":{"drawMode":0,"name":"Shaded","section":"Shading Mode"},"sceneLighting":false,"audioPlay":false,"sceneViewState":{"showFog":false,"showMaterialUpdate":false,"showSkybox":false,"showFlares":true,"showImageEffects":true,"showParticleSystems":true},"in2DMode":false,"pivot":{"x":-0.7100339531898499,"y":0.5552477240562439,"z":0.027229391038417817},"rotation":{"x":-0.0719676986336708,"y":0.9188592433929443,"z":-0.19877611100673676,"w":-0.33331871032714846},"size":0.9762333035469055,"orthographic":false}