{"cameraMode":{"drawMode":0,"name":"Shaded","section":"Shading Mode"},"sceneLighting":false,"audioPlay":false,"sceneViewState":{"showFog":false,"showMaterialUpdate":false,"showSkybox":false,"showFlares":true,"showImageEffects":true,"showParticleSystems":true},"in2DMode":false,"pivot":{"x":0.010316848754882813,"y":2.9701435565948488,"z":0.0},"rotation":{"x":0.02759741060435772,"y":-0.9632046818733215,"z":0.10882040858268738,"w":0.2442966252565384},"size":21.43576431274414,"orthographic":false}