{"cameraMode":{"drawMode":0,"name":"Shaded","section":"Shading Mode"},"sceneLighting":false,"audioPlay":false,"sceneViewState":{"showFog":false,"showMaterialUpdate":false,"showSkybox":false,"showFlares":true,"showImageEffects":true,"showParticleSystems":true},"in2DMode":false,"pivot":{"x":0.00000762939453125,"y":-5.79132080078125,"z":0.00007152557373046875},"rotation":{"x":0.0328882671892643,"y":-0.9516648054122925,"z":0.28502580523490908,"w":0.10982231795787811},"size":22.112327575683595,"orthographic":false}