{"cameraMode":{"drawMode":0,"name":"Shaded","section":"Shading Mode"},"sceneLighting":false,"audioPlay":false,"sceneViewState":{"showFog":false,"showMaterialUpdate":false,"showSkybox":true,"showFlares":true,"showImageEffects":true,"showParticleSystems":true},"in2DMode":false,"pivot":{"x":0.00001521707235951908,"y":7.955065727233887,"z":-0.09848639369010925},"rotation":{"x":0.029460949823260309,"y":-0.6850292086601257,"z":0.02777438797056675,"w":0.7274125218391419},"size":1.4959712028503419,"orthographic":false}