{"cameraMode":{"drawMode":0,"name":"Shaded","section":"Shading Mode"},"sceneLighting":false,"audioPlay":false,"sceneViewState":{"showFog":false,"showMaterialUpdate":false,"showSkybox":false,"showFlares":true,"showImageEffects":true,"showParticleSystems":true},"in2DMode":false,"pivot":{"x":0.0,"y":-2.9999964237213136,"z":0.00000667572021484375},"rotation":{"x":-0.220640629529953,"y":0.1445194035768509,"z":-0.033127110451459888,"w":-0.9640541076660156},"size":21.424291610717775,"orthographic":false}