{"cameraMode":{"drawMode":0,"name":"Shaded","section":"Shading Mode"},"sceneLighting":false,"audioPlay":false,"sceneViewState":{"showFog":false,"showMaterialUpdate":false,"showSkybox":false,"showFlares":true,"showImageEffects":true,"showParticleSystems":true},"in2DMode":false,"pivot":{"x":-0.0000209808349609375,"y":0.20208072662353517,"z":0.00002288818359375},"rotation":{"x":0.012010865844786168,"y":-0.9747670888900757,"z":0.05415678024291992,"w":0.21633101999759675},"size":22.10120964050293,"orthographic":false}