{"cameraMode":{"drawMode":0,"name":"Shaded","section":"Shading Mode"},"sceneLighting":false,"audioPlay":false,"sceneViewState":{"showFog":false,"showMaterialUpdate":false,"showSkybox":false,"showFlares":true,"showImageEffects":true,"showParticleSystems":true},"in2DMode":false,"pivot":{"x":0.00000286102294921875,"y":-5.774954795837402,"z":0.00007534027099609375},"rotation":{"x":0.00014758175530005246,"y":-0.9866876006126404,"z":0.1627761572599411,"w":0.0008785894606262445},"size":22.107709884643556,"orthographic":false}