{"cameraMode":{"drawMode":0,"name":"Shaded","section":"Shading Mode"},"sceneLighting":false,"audioPlay":false,"sceneViewState":{"showFog":false,"showMaterialUpdate":false,"showSkybox":false,"showFlares":true,"showImageEffects":true,"showParticleSystems":true},"in2DMode":false,"pivot":{"x":0.0,"y":0.32512301206588747,"z":5.960464477539063e-8},"rotation":{"x":0.1911797821521759,"y":-0.5364139080047607,"z":0.1260422319173813,"w":0.8125102519989014},"size":0.5694233179092407,"orthographic":false}