{"cameraMode":{"drawMode":0,"name":"Shaded","section":"Shading Mode"},"sceneLighting":true,"audioPlay":false,"sceneViewState":{"showFog":false,"showMaterialUpdate":false,"showSkybox":true,"showFlares":true,"showImageEffects":true,"showParticleSystems":true},"in2DMode":false,"pivot":{"x":1.559999942779541,"y":0.4411230981349945,"z":0.0},"rotation":{"x":0.12007441371679306,"y":-0.4285067915916443,"z":0.05748634785413742,"w":0.8938762545585632},"size":1.7623202800750733,"orthographic":false}