{"cameraMode":{"drawMode":0,"name":"Shaded","section":"Shading Mode"},"sceneLighting":false,"audioPlay":false,"sceneViewState":{"showFog":false,"showMaterialUpdate":false,"showSkybox":true,"showFlares":true,"showImageEffects":true,"showParticleSystems":true},"in2DMode":false,"pivot":{"x":0.30298593640327456,"y":5.1240034103393559,"z":-1.1075325012207032},"rotation":{"x":0.03681865707039833,"y":-0.6671102643013,"z":0.03305581584572792,"w":0.7433409690856934},"size":3.657050132751465,"orthographic":false}