{"cameraMode":{"drawMode":0,"name":"Shaded","section":"Shading Mode"},"sceneLighting":false,"audioPlay":false,"sceneViewState":{"showFog":false,"showMaterialUpdate":false,"showSkybox":false,"showFlares":true,"showImageEffects":true,"showParticleSystems":true},"in2DMode":false,"pivot":{"x":9.5367431640625e-7,"y":-2.7749645709991457,"z":0.0000667572021484375},"rotation":{"x":-0.12993638217449189,"y":0.4881422221660614,"z":-0.07382244616746903,"w":-0.8599129319190979},"size":21.456960678100587,"orthographic":false}